{
  "version": 1,
  "author": "Priscila Falcão",
  "editor": "wokwi",
  "parts": [
    { "type": "wokwi-breadboard", "id": "bb1", "top": -156.6, "left": 12.4, "attrs": {} },
    { "type": "wokwi-arduino-uno", "id": "uno", "top": 130.88, "left": 251.47, "attrs": {} },
    {
      "type": "wokwi-resistor",
      "id": "r1",
      "top": -72.85,
      "left": 576,
      "attrs": { "value": "1000" }
    },
    { "type": "wokwi-led", "id": "led1", "top": -118.8, "left": 551, "attrs": { "color": "red" } },
    { "type": "wokwi-potentiometer", "id": "pot1", "top": -97.3, "left": 470.2, "attrs": {} },
    { "type": "wokwi-dht22", "id": "dht1", "top": -210.9, "left": 388.2, "attrs": {} }
  ],
  "connections": [
    [ "pot1:GND", "uno:GND.1", "black", [ "v106.59", "h-132.23" ] ],
    [ "pot1:SIG", "uno:A4.2", "cyan", [ "v92.11", "h-160.73" ] ],
    [ "bb1:63t.d", "uno:10", "green", [ "v171.31", "h-228.63" ] ],
    [ "bb1:bn.50", "uno:GND.3", "black", [ "v0" ] ],
    [ "bb1:bp.50", "uno:5V", "red", [ "h-13.71", "v217.94", "h-190.02" ] ],
    [ "bb1:56t.e", "bb1:bn.46", "black", [ "v0" ] ],
    [ "pot1:VCC", "bb1:bp.41", "red", [ "v0" ] ],
    [ "bb1:40t.c", "uno:7", "magenta", [ "v31.72", "h16.3", "v194.56" ] ],
    [ "bb1:39t.c", "bb1:bp.31", "red", [ "h-4.45", "v116.1" ] ],
    [ "bb1:42t.c", "bb1:bp.36", "black", [ "h15.86", "v116.1" ] ],
    [ "r1:1", "bb1:57t.e", "", [ "$bb" ] ],
    [ "r1:2", "bb1:63t.e", "", [ "$bb" ] ],
    [ "led1:A", "bb1:57t.d", "", [ "$bb" ] ],
    [ "led1:C", "bb1:56t.d", "", [ "$bb" ] ],
    [ "dht1:VCC", "bb1:39t.b", "", [ "$bb" ] ],
    [ "dht1:SDA", "bb1:40t.b", "", [ "$bb" ] ],
    [ "dht1:NC", "bb1:41t.b", "", [ "$bb" ] ],
    [ "dht1:GND", "bb1:42t.b", "", [ "$bb" ] ],
    [ "pot1:GND", "bb1:49b.g", "", [ "$bb" ] ],
    [ "pot1:SIG", "bb1:50b.g", "", [ "$bb" ] ],
    [ "pot1:VCC", "bb1:51b.g", "", [ "$bb" ] ]
  ],
  "dependencies": {}
}